{
    "model_name": "vit",
    "macro_metrics": {
        "Valor": {
            "Recall (Sensitivity)": 0.5527774064171123,
            "Miss Rate": 0.44722259358288774,
            "Specificity (Selectivity)": 0.9362067640644319,
            "Fallout": 0.06379323593556803,
            "Precision": 0.5627313046430693,
            "False Discovery Rate (FDR)": 0.4372686953569307,
            "Negative Predictive Value (NPV)": 0.9362715669668147,
            "False Omission Rate (FOR)": 0.06372843303318539,
            "F1 Score": 0.5519557624660321,
            "MCC": 0.49358426005132594,
            "Accuracy": 55.68862275449102,
            "Training Time": 608.8989,
            "Inference Time": 6.190079927444458
        }
    },
    "class_metrics": {
        "Recall (Sensitivity)": {
            "angry": 0.6,
            "contempt": 0.4117647058823529,
            "disgust": 0.5625,
            "fear": 0.45,
            "happy": 0.64,
            "neutral": 0.5625,
            "sad": 0.5454545454545454,
            "surprise": 0.65
        },
        "Miss Rate": {
            "angry": 0.4,
            "contempt": 0.5882352941176471,
            "disgust": 0.4375,
            "fear": 0.55,
            "happy": 0.36,
            "neutral": 0.4375,
            "sad": 0.4545454545454546,
            "surprise": 0.35
        },
        "Specificity (Selectivity)": {
            "angry": 0.9387755102040817,
            "contempt": 0.9733333333333334,
            "disgust": 0.9470198675496688,
            "fear": 0.9387755102040817,
            "happy": 0.9014084507042254,
            "neutral": 0.9139072847682119,
            "sad": 0.9104477611940298,
            "surprise": 0.9659863945578231
        },
        "Fallout": {
            "angry": 0.061224489795918324,
            "contempt": 0.026666666666666616,
            "disgust": 0.052980132450331174,
            "fear": 0.061224489795918324,
            "happy": 0.09859154929577463,
            "neutral": 0.08609271523178808,
            "sad": 0.08955223880597019,
            "surprise": 0.03401360544217691
        },
        "Precision": {
            "angry": 0.5714285714285714,
            "contempt": 0.6363636363636364,
            "disgust": 0.5294117647058824,
            "fear": 0.5,
            "happy": 0.5333333333333333,
            "neutral": 0.4090909090909091,
            "sad": 0.6,
            "surprise": 0.7222222222222222
        },
        "False Discovery Rate (FDR)": {
            "angry": 0.4285714285714286,
            "contempt": 0.36363636363636365,
            "disgust": 0.47058823529411764,
            "fear": 0.5,
            "happy": 0.4666666666666667,
            "neutral": 0.5909090909090908,
            "sad": 0.4,
            "surprise": 0.2777777777777778
        },
        "Negative Predictive Value (NPV)": {
            "angry": 0.9452054794520548,
            "contempt": 0.9358974358974359,
            "disgust": 0.9533333333333334,
            "fear": 0.9261744966442953,
            "happy": 0.9343065693430657,
            "neutral": 0.9517241379310345,
            "sad": 0.8905109489051095,
            "surprise": 0.9530201342281879
        },
        "False Omission Rate (FOR)": {
            "angry": 0.0547945205479452,
            "contempt": 0.0641025641025641,
            "disgust": 0.046666666666666634,
            "fear": 0.0738255033557047,
            "happy": 0.06569343065693434,
            "neutral": 0.0482758620689655,
            "sad": 0.10948905109489049,
            "surprise": 0.046979865771812124
        },
        "F1 Score": {
            "angry": 0.5853658536585366,
            "contempt": 0.5,
            "disgust": 0.5454545454545455,
            "fear": 0.4736842105263158,
            "happy": 0.5818181818181818,
            "neutral": 0.47368421052631576,
            "sad": 0.5714285714285713,
            "surprise": 0.6842105263157895
        }
    },
    "confusion_matrix": [
        [
            12,
            1,
            1,
            0,
            0,
            2,
            2,
            2
        ],
        [
            3,
            7,
            2,
            4,
            1,
            0,
            0,
            0
        ],
        [
            1,
            0,
            9,
            0,
            1,
            0,
            5,
            0
        ],
        [
            0,
            0,
            0,
            9,
            2,
            7,
            0,
            2
        ],
        [
            0,
            0,
            2,
            1,
            16,
            1,
            5,
            0
        ],
        [
            2,
            0,
            0,
            3,
            1,
            9,
            0,
            1
        ],
        [
            2,
            2,
            2,
            0,
            9,
            0,
            18,
            0
        ],
        [
            1,
            1,
            1,
            1,
            0,
            3,
            0,
            13
        ]
    ],
    "base_models": null
}