{
    "model_name": "resnet18",
    "macro_metrics": {
        "Valor": {
            "Recall (Sensitivity)": 0.28789717023172906,
            "Miss Rate": 0.7121028297682709,
            "Specificity (Selectivity)": 0.8984474708334635,
            "Fallout": 0.10155252916653634,
            "Precision": 0.33002747252747255,
            "False Discovery Rate (FDR)": 0.6699725274725274,
            "Negative Predictive Value (NPV)": 0.8997878919917348,
            "False Omission Rate (FOR)": 0.10021210800826523,
            "F1 Score": 0.26656040205472337,
            "MCC": 0.19931565440547477,
            "Accuracy": 29.940119760479043,
            "Training Time": 223.6268,
            "Inference Time": 4.929294109344482
        }
    },
    "class_metrics": {
        "Recall (Sensitivity)": {
            "angry": 0.05,
            "contempt": 0.11764705882352941,
            "disgust": 0.4375,
            "fear": 0.25,
            "happy": 0.52,
            "neutral": 0.125,
            "sad": 0.30303030303030304,
            "surprise": 0.5
        },
        "Miss Rate": {
            "angry": 0.95,
            "contempt": 0.8823529411764706,
            "disgust": 0.5625,
            "fear": 0.75,
            "happy": 0.48,
            "neutral": 0.875,
            "sad": 0.696969696969697,
            "surprise": 0.5
        },
        "Specificity (Selectivity)": {
            "angry": 0.9931972789115646,
            "contempt": 0.96,
            "disgust": 0.9139072847682119,
            "fear": 0.9523809523809523,
            "happy": 0.7394366197183099,
            "neutral": 0.9602649006622517,
            "sad": 0.8656716417910447,
            "surprise": 0.8027210884353742
        },
        "Fallout": {
            "angry": 0.006802721088435382,
            "contempt": 0.040000000000000036,
            "disgust": 0.08609271523178808,
            "fear": 0.04761904761904767,
            "happy": 0.2605633802816901,
            "neutral": 0.039735099337748325,
            "sad": 0.13432835820895528,
            "surprise": 0.19727891156462585
        },
        "Precision": {
            "angry": 0.5,
            "contempt": 0.25,
            "disgust": 0.35,
            "fear": 0.4166666666666667,
            "happy": 0.26,
            "neutral": 0.25,
            "sad": 0.35714285714285715,
            "surprise": 0.2564102564102564
        },
        "False Discovery Rate (FDR)": {
            "angry": 0.5,
            "contempt": 0.75,
            "disgust": 0.65,
            "fear": 0.5833333333333333,
            "happy": 0.74,
            "neutral": 0.75,
            "sad": 0.6428571428571428,
            "surprise": 0.7435897435897436
        },
        "Negative Predictive Value (NPV)": {
            "angry": 0.8848484848484849,
            "contempt": 0.9056603773584906,
            "disgust": 0.9387755102040817,
            "fear": 0.9032258064516129,
            "happy": 0.8974358974358975,
            "neutral": 0.9119496855345912,
            "sad": 0.8345323741007195,
            "surprise": 0.921875
        },
        "False Omission Rate (FOR)": {
            "angry": 0.11515151515151512,
            "contempt": 0.09433962264150941,
            "disgust": 0.061224489795918324,
            "fear": 0.09677419354838712,
            "happy": 0.10256410256410253,
            "neutral": 0.08805031446540879,
            "sad": 0.16546762589928055,
            "surprise": 0.078125
        },
        "F1 Score": {
            "angry": 0.09090909090909091,
            "contempt": 0.15999999999999998,
            "disgust": 0.38888888888888884,
            "fear": 0.3125,
            "happy": 0.3466666666666667,
            "neutral": 0.16666666666666666,
            "sad": 0.32786885245901637,
            "surprise": 0.3389830508474576
        }
    },
    "confusion_matrix": [
        [
            1,
            2,
            3,
            1,
            6,
            0,
            3,
            4
        ],
        [
            1,
            2,
            2,
            0,
            3,
            0,
            5,
            4
        ],
        [
            0,
            0,
            7,
            0,
            7,
            1,
            0,
            1
        ],
        [
            0,
            0,
            0,
            5,
            4,
            1,
            5,
            5
        ],
        [
            0,
            1,
            0,
            3,
            13,
            1,
            3,
            4
        ],
        [
            0,
            0,
            1,
            1,
            3,
            2,
            1,
            8
        ],
        [
            0,
            3,
            4,
            0,
            13,
            0,
            10,
            3
        ],
        [
            0,
            0,
            3,
            2,
            1,
            3,
            1,
            10
        ]
    ],
    "base_models": null
}