{
    "model_name": "densenet",
    "macro_metrics": {
        "Valor": {
            "Recall (Sensitivity)": 0.5649426247771836,
            "Miss Rate": 0.4350573752228164,
            "Specificity (Selectivity)": 0.9449841419680246,
            "Fallout": 0.05501585803197541,
            "Precision": 0.6991640878231108,
            "False Discovery Rate (FDR)": 0.30083591217688926,
            "Negative Predictive Value (NPV)": 0.9502109347291208,
            "False Omission Rate (FOR)": 0.04978906527087916,
            "F1 Score": 0.5340653868971947,
            "MCC": 0.5757057313943541,
            "Accuracy": 62.874251497005986,
            "Training Time": 389.4376,
            "Inference Time": 22.91753888130188
        }
    },
    "class_metrics": {
        "Recall (Sensitivity)": {
            "angry": 0.6,
            "contempt": 0.11764705882352941,
            "disgust": 0.25,
            "fear": 0.75,
            "happy": 0.8,
            "neutral": 0.0625,
            "sad": 0.9393939393939394,
            "surprise": 1.0
        },
        "Miss Rate": {
            "angry": 0.4,
            "contempt": 0.8823529411764706,
            "disgust": 0.75,
            "fear": 0.25,
            "happy": 0.19999999999999996,
            "neutral": 0.9375,
            "sad": 0.06060606060606055,
            "surprise": 0.0
        },
        "Specificity (Selectivity)": {
            "angry": 0.9319727891156463,
            "contempt": 1.0,
            "disgust": 0.9933774834437086,
            "fear": 0.9523809523809523,
            "happy": 0.9929577464788732,
            "neutral": 0.9933774834437086,
            "sad": 0.7910447761194029,
            "surprise": 0.9047619047619048
        },
        "Fallout": {
            "angry": 0.0680272108843537,
            "contempt": 0.0,
            "disgust": 0.0066225165562914245,
            "fear": 0.04761904761904767,
            "happy": 0.007042253521126751,
            "neutral": 0.0066225165562914245,
            "sad": 0.20895522388059706,
            "surprise": 0.09523809523809523
        },
        "Precision": {
            "angry": 0.5454545454545454,
            "contempt": 1.0,
            "disgust": 0.8,
            "fear": 0.6818181818181818,
            "happy": 0.9523809523809523,
            "neutral": 0.5,
            "sad": 0.5254237288135594,
            "surprise": 0.5882352941176471
        },
        "False Discovery Rate (FDR)": {
            "angry": 0.4545454545454546,
            "contempt": 0.0,
            "disgust": 0.19999999999999996,
            "fear": 0.31818181818181823,
            "happy": 0.04761904761904767,
            "neutral": 0.5,
            "sad": 0.47457627118644063,
            "surprise": 0.4117647058823529
        },
        "Negative Predictive Value (NPV)": {
            "angry": 0.9448275862068966,
            "contempt": 0.9090909090909091,
            "disgust": 0.9259259259259259,
            "fear": 0.9655172413793104,
            "happy": 0.9657534246575342,
            "neutral": 0.9090909090909091,
            "sad": 0.9814814814814815,
            "surprise": 1.0
        },
        "False Omission Rate (FOR)": {
            "angry": 0.05517241379310345,
            "contempt": 0.09090909090909094,
            "disgust": 0.07407407407407407,
            "fear": 0.03448275862068961,
            "happy": 0.03424657534246578,
            "neutral": 0.09090909090909094,
            "sad": 0.01851851851851849,
            "surprise": 0.0
        },
        "F1 Score": {
            "angry": 0.5714285714285713,
            "contempt": 0.21052631578947367,
            "disgust": 0.38095238095238093,
            "fear": 0.7142857142857143,
            "happy": 0.8695652173913043,
            "neutral": 0.1111111111111111,
            "sad": 0.673913043478261,
            "surprise": 0.7407407407407407
        }
    },
    "confusion_matrix": [
        [
            12,
            0,
            0,
            1,
            0,
            0,
            4,
            3
        ],
        [
            10,
            2,
            0,
            1,
            0,
            0,
            3,
            1
        ],
        [
            0,
            0,
            4,
            0,
            0,
            0,
            12,
            0
        ],
        [
            0,
            0,
            0,
            15,
            1,
            0,
            3,
            1
        ],
        [
            0,
            0,
            0,
            0,
            20,
            0,
            4,
            1
        ],
        [
            0,
            0,
            1,
            5,
            0,
            1,
            2,
            7
        ],
        [
            0,
            0,
            0,
            0,
            0,
            1,
            31,
            1
        ],
        [
            0,
            0,
            0,
            0,
            0,
            0,
            0,
            20
        ]
    ],
    "base_models": null
}