{
    "model_name": "deep_capsule",
    "macro_metrics": {
        "Valor": {
            "Recall (Sensitivity)": 0.8255653966131907,
            "Miss Rate": 0.17443460338680927,
            "Specificity (Selectivity)": 0.9769289342952285,
            "Fallout": 0.02307106570477148,
            "Precision": 0.8464501096491228,
            "False Discovery Rate (FDR)": 0.15354989035087718,
            "Negative Predictive Value (NPV)": 0.9773978432428122,
            "False Omission Rate (FOR)": 0.022602156757187797,
            "F1 Score": 0.8240404028232975,
            "MCC": 0.8152266894781864,
            "Accuracy": 83.83233532934132,
            "Training Time": 419.1243,
            "Inference Time": 1.2344491481781006
        }
    },
    "class_metrics": {
        "Recall (Sensitivity)": {
            "angry": 0.75,
            "contempt": 0.5882352941176471,
            "disgust": 0.8125,
            "fear": 0.7,
            "happy": 1.0,
            "neutral": 0.875,
            "sad": 0.8787878787878788,
            "surprise": 1.0
        },
        "Miss Rate": {
            "angry": 0.25,
            "contempt": 0.4117647058823529,
            "disgust": 0.1875,
            "fear": 0.30000000000000004,
            "happy": 0.0,
            "neutral": 0.125,
            "sad": 0.12121212121212122,
            "surprise": 0.0
        },
        "Specificity (Selectivity)": {
            "angry": 0.9727891156462585,
            "contempt": 1.0,
            "disgust": 0.9602649006622517,
            "fear": 0.9863945578231292,
            "happy": 0.9507042253521126,
            "neutral": 0.9867549668874173,
            "sad": 0.9925373134328358,
            "surprise": 0.9659863945578231
        },
        "Fallout": {
            "angry": 0.027210884353741527,
            "contempt": 0.0,
            "disgust": 0.039735099337748325,
            "fear": 0.013605442176870763,
            "happy": 0.04929577464788737,
            "neutral": 0.013245033112582738,
            "sad": 0.007462686567164201,
            "surprise": 0.03401360544217691
        },
        "Precision": {
            "angry": 0.7894736842105263,
            "contempt": 1.0,
            "disgust": 0.6842105263157895,
            "fear": 0.875,
            "happy": 0.78125,
            "neutral": 0.875,
            "sad": 0.9666666666666667,
            "surprise": 0.8
        },
        "False Discovery Rate (FDR)": {
            "angry": 0.21052631578947367,
            "contempt": 0.0,
            "disgust": 0.3157894736842105,
            "fear": 0.125,
            "happy": 0.21875,
            "neutral": 0.125,
            "sad": 0.033333333333333326,
            "surprise": 0.19999999999999996
        },
        "Negative Predictive Value (NPV)": {
            "angry": 0.9662162162162162,
            "contempt": 0.9554140127388535,
            "disgust": 0.9797297297297297,
            "fear": 0.9602649006622517,
            "happy": 1.0,
            "neutral": 0.9867549668874173,
            "sad": 0.9708029197080292,
            "surprise": 1.0
        },
        "False Omission Rate (FOR)": {
            "angry": 0.03378378378378377,
            "contempt": 0.04458598726114649,
            "disgust": 0.020270270270270285,
            "fear": 0.039735099337748325,
            "happy": 0.0,
            "neutral": 0.013245033112582738,
            "sad": 0.029197080291970767,
            "surprise": 0.0
        },
        "F1 Score": {
            "angry": 0.7692307692307692,
            "contempt": 0.7407407407407407,
            "disgust": 0.742857142857143,
            "fear": 0.7777777777777777,
            "happy": 0.8771929824561403,
            "neutral": 0.875,
            "sad": 0.9206349206349207,
            "surprise": 0.888888888888889
        }
    },
    "confusion_matrix": [
        [
            15,
            0,
            1,
            0,
            1,
            1,
            0,
            2
        ],
        [
            4,
            10,
            2,
            1,
            0,
            0,
            0,
            0
        ],
        [
            0,
            0,
            13,
            0,
            2,
            0,
            1,
            0
        ],
        [
            0,
            0,
            0,
            14,
            3,
            1,
            0,
            2
        ],
        [
            0,
            0,
            0,
            0,
            25,
            0,
            0,
            0
        ],
        [
            0,
            0,
            0,
            1,
            0,
            14,
            0,
            1
        ],
        [
            0,
            0,
            3,
            0,
            1,
            0,
            29,
            0
        ],
        [
            0,
            0,
            0,
            0,
            0,
            0,
            0,
            20
        ]
    ],
    "base_models": null
}