{
    "model_name": "capsule",
    "macro_metrics": {
        "Valor": {
            "Recall (Sensitivity)": 0.7556550802139037,
            "Miss Rate": 0.24434491978609627,
            "Specificity (Selectivity)": 0.9664250890811102,
            "Fallout": 0.0335749109188898,
            "Precision": 0.7734343183722272,
            "False Discovery Rate (FDR)": 0.2265656816277728,
            "Negative Predictive Value (NPV)": 0.9668699500345458,
            "False Omission Rate (FOR)": 0.03313004996545421,
            "F1 Score": 0.7550964386490702,
            "MCC": 0.7331052181351583,
            "Accuracy": 76.64670658682634,
            "Training Time": 1547.1183,
            "Inference Time": 4.452234983444214
        }
    },
    "class_metrics": {
        "Recall (Sensitivity)": {
            "angry": 0.7,
            "contempt": 0.6470588235294118,
            "disgust": 0.6875,
            "fear": 0.55,
            "happy": 0.88,
            "neutral": 0.8125,
            "sad": 0.8181818181818182,
            "surprise": 0.95
        },
        "Miss Rate": {
            "angry": 0.30000000000000004,
            "contempt": 0.3529411764705882,
            "disgust": 0.3125,
            "fear": 0.44999999999999996,
            "happy": 0.12,
            "neutral": 0.1875,
            "sad": 0.18181818181818177,
            "surprise": 0.050000000000000044
        },
        "Specificity (Selectivity)": {
            "angry": 0.9727891156462585,
            "contempt": 1.0,
            "disgust": 0.9602649006622517,
            "fear": 0.9727891156462585,
            "happy": 0.9366197183098591,
            "neutral": 0.9602649006622517,
            "sad": 0.9626865671641791,
            "surprise": 0.9659863945578231
        },
        "Fallout": {
            "angry": 0.027210884353741527,
            "contempt": 0.0,
            "disgust": 0.039735099337748325,
            "fear": 0.027210884353741527,
            "happy": 0.06338028169014087,
            "neutral": 0.039735099337748325,
            "sad": 0.03731343283582089,
            "surprise": 0.03401360544217691
        },
        "Precision": {
            "angry": 0.7777777777777778,
            "contempt": 1.0,
            "disgust": 0.6470588235294118,
            "fear": 0.7333333333333333,
            "happy": 0.7096774193548387,
            "neutral": 0.6842105263157895,
            "sad": 0.84375,
            "surprise": 0.7916666666666666
        },
        "False Discovery Rate (FDR)": {
            "angry": 0.2222222222222222,
            "contempt": 0.0,
            "disgust": 0.3529411764705882,
            "fear": 0.2666666666666667,
            "happy": 0.29032258064516125,
            "neutral": 0.3157894736842105,
            "sad": 0.15625,
            "surprise": 0.20833333333333337
        },
        "Negative Predictive Value (NPV)": {
            "angry": 0.959731543624161,
            "contempt": 0.9615384615384616,
            "disgust": 0.9666666666666667,
            "fear": 0.9407894736842105,
            "happy": 0.9779411764705882,
            "neutral": 0.9797297297297297,
            "sad": 0.9555555555555556,
            "surprise": 0.993006993006993
        },
        "False Omission Rate (FOR)": {
            "angry": 0.04026845637583898,
            "contempt": 0.038461538461538436,
            "disgust": 0.033333333333333326,
            "fear": 0.05921052631578949,
            "happy": 0.022058823529411797,
            "neutral": 0.020270270270270285,
            "sad": 0.0444444444444444,
            "surprise": 0.006993006993006978
        },
        "F1 Score": {
            "angry": 0.7368421052631577,
            "contempt": 0.7857142857142858,
            "disgust": 0.6666666666666667,
            "fear": 0.6285714285714286,
            "happy": 0.7857142857142856,
            "neutral": 0.742857142857143,
            "sad": 0.8307692307692308,
            "surprise": 0.8636363636363635
        }
    },
    "confusion_matrix": [
        [
            14,
            0,
            1,
            0,
            1,
            3,
            0,
            1
        ],
        [
            4,
            11,
            0,
            1,
            0,
            0,
            1,
            0
        ],
        [
            0,
            0,
            11,
            0,
            3,
            0,
            2,
            0
        ],
        [
            0,
            0,
            1,
            11,
            2,
            1,
            2,
            3
        ],
        [
            0,
            0,
            2,
            0,
            22,
            1,
            0,
            0
        ],
        [
            0,
            0,
            0,
            2,
            0,
            13,
            0,
            1
        ],
        [
            0,
            0,
            2,
            1,
            3,
            0,
            27,
            0
        ],
        [
            0,
            0,
            0,
            0,
            0,
            1,
            0,
            19
        ]
    ],
    "base_models": null
}