{
    "model_name": "mobilenet",
    "macro_metrics": {
        "Valor": {
            "Recall (Sensitivity)": 0.3445454545454545,
            "Miss Rate": 0.6554545454545455,
            "Specificity (Selectivity)": 0.9096227315412074,
            "Fallout": 0.09037726845879258,
            "Precision": 0.46694173881673884,
            "False Discovery Rate (FDR)": 0.5330582611832613,
            "Negative Predictive Value (NPV)": 0.9138332938333044,
            "False Omission Rate (FOR)": 0.08616670616669565,
            "F1 Score": 0.30895548205129175,
            "MCC": 0.30196749358426006,
            "Accuracy": 38.92215568862275,
            "Training Time": 304.4608,
            "Inference Time": 6.711395263671875
        }
    },
    "class_metrics": {
        "Recall (Sensitivity)": {
            "angry": 0.05,
            "contempt": 0.0,
            "disgust": 0.375,
            "fear": 0.25,
            "happy": 0.72,
            "neutral": 0.125,
            "sad": 0.6363636363636364,
            "surprise": 0.6
        },
        "Miss Rate": {
            "angry": 0.95,
            "contempt": 1.0,
            "disgust": 0.625,
            "fear": 0.75,
            "happy": 0.28,
            "neutral": 0.875,
            "sad": 0.36363636363636365,
            "surprise": 0.4
        },
        "Specificity (Selectivity)": {
            "angry": 1.0,
            "contempt": 1.0,
            "disgust": 0.9668874172185431,
            "fear": 0.9795918367346939,
            "happy": 0.7464788732394366,
            "neutral": 0.9867549668874173,
            "sad": 0.753731343283582,
            "surprise": 0.8435374149659864
        },
        "Fallout": {
            "angry": 0.0,
            "contempt": 0.0,
            "disgust": 0.0331125827814569,
            "fear": 0.020408163265306145,
            "happy": 0.2535211267605634,
            "neutral": 0.013245033112582738,
            "sad": 0.24626865671641796,
            "surprise": 0.15646258503401356
        },
        "Precision": {
            "angry": 1.0,
            "contempt": 0.0,
            "disgust": 0.5454545454545454,
            "fear": 0.625,
            "happy": 0.3333333333333333,
            "neutral": 0.5,
            "sad": 0.3888888888888889,
            "surprise": 0.34285714285714286
        },
        "False Discovery Rate (FDR)": {
            "angry": 0.0,
            "contempt": 1.0,
            "disgust": 0.4545454545454546,
            "fear": 0.375,
            "happy": 0.6666666666666667,
            "neutral": 0.5,
            "sad": 0.6111111111111112,
            "surprise": 0.6571428571428571
        },
        "Negative Predictive Value (NPV)": {
            "angry": 0.8855421686746988,
            "contempt": 0.8982035928143712,
            "disgust": 0.9358974358974359,
            "fear": 0.9056603773584906,
            "happy": 0.9380530973451328,
            "neutral": 0.9141104294478528,
            "sad": 0.8938053097345132,
            "surprise": 0.9393939393939394
        },
        "False Omission Rate (FOR)": {
            "angry": 0.11445783132530118,
            "contempt": 0.10179640718562877,
            "disgust": 0.0641025641025641,
            "fear": 0.09433962264150941,
            "happy": 0.06194690265486724,
            "neutral": 0.08588957055214719,
            "sad": 0.10619469026548678,
            "surprise": 0.06060606060606055
        },
        "F1 Score": {
            "angry": 0.09523809523809523,
            "contempt": 0.0,
            "disgust": 0.4444444444444444,
            "fear": 0.35714285714285715,
            "happy": 0.4556962025316456,
            "neutral": 0.2,
            "sad": 0.4827586206896552,
            "surprise": 0.43636363636363634
        }
    },
    "confusion_matrix": [
        [
            1,
            0,
            0,
            0,
            7,
            0,
            7,
            5
        ],
        [
            0,
            0,
            4,
            0,
            3,
            0,
            6,
            4
        ],
        [
            0,
            0,
            6,
            0,
            5,
            0,
            4,
            1
        ],
        [
            0,
            0,
            0,
            5,
            7,
            0,
            4,
            4
        ],
        [
            0,
            0,
            0,
            0,
            18,
            0,
            5,
            2
        ],
        [
            0,
            0,
            0,
            2,
            6,
            2,
            3,
            3
        ],
        [
            0,
            0,
            1,
            1,
            6,
            0,
            21,
            4
        ],
        [
            0,
            0,
            0,
            0,
            2,
            2,
            4,
            12
        ]
    ],
    "base_models": null
}