{
    "model_name": "dense",
    "macro_metrics": {
        "Valor": {
            "Recall (Sensitivity)": 0.2619034090909091,
            "Miss Rate": 0.7380965909090909,
            "Specificity (Selectivity)": 0.8964673839930246,
            "Fallout": 0.10353261600697536,
            "Precision": 0.24067982456140352,
            "False Discovery Rate (FDR)": 0.7593201754385965,
            "Negative Predictive Value (NPV)": 0.9036426573510412,
            "False Omission Rate (FOR)": 0.09635734264895877,
            "F1 Score": 0.2013585703467736,
            "MCC": 0.1787852865697177,
            "Accuracy": 28.143712574850298,
            "Training Time": 1148.267,
            "Inference Time": 2.157525062561035
        }
    },
    "class_metrics": {
        "Recall (Sensitivity)": {
            "angry": 0.35,
            "contempt": 0.0,
            "disgust": 0.0,
            "fear": 0.05,
            "happy": 0.36,
            "neutral": 0.0625,
            "sad": 0.2727272727272727,
            "surprise": 1.0
        },
        "Miss Rate": {
            "angry": 0.65,
            "contempt": 1.0,
            "disgust": 1.0,
            "fear": 0.95,
            "happy": 0.64,
            "neutral": 0.9375,
            "sad": 0.7272727272727273,
            "surprise": 0.0
        },
        "Specificity (Selectivity)": {
            "angry": 0.9183673469387755,
            "contempt": 1.0,
            "disgust": 1.0,
            "fear": 0.9659863945578231,
            "happy": 0.9295774647887324,
            "neutral": 0.9867549668874173,
            "sad": 0.8880597014925373,
            "surprise": 0.48299319727891155
        },
        "Fallout": {
            "angry": 0.08163265306122447,
            "contempt": 0.0,
            "disgust": 0.0,
            "fear": 0.03401360544217691,
            "happy": 0.07042253521126762,
            "neutral": 0.013245033112582738,
            "sad": 0.11194029850746268,
            "surprise": 0.5170068027210885
        },
        "Precision": {
            "angry": 0.3684210526315789,
            "contempt": 0.0,
            "disgust": 0.0,
            "fear": 0.16666666666666666,
            "happy": 0.47368421052631576,
            "neutral": 0.3333333333333333,
            "sad": 0.375,
            "surprise": 0.20833333333333334
        },
        "False Discovery Rate (FDR)": {
            "angry": 0.631578947368421,
            "contempt": 1.0,
            "disgust": 1.0,
            "fear": 0.8333333333333334,
            "happy": 0.5263157894736843,
            "neutral": 0.6666666666666667,
            "sad": 0.625,
            "surprise": 0.7916666666666666
        },
        "Negative Predictive Value (NPV)": {
            "angry": 0.9121621621621622,
            "contempt": 0.8982035928143712,
            "disgust": 0.9041916167664671,
            "fear": 0.8819875776397516,
            "happy": 0.8918918918918919,
            "neutral": 0.9085365853658537,
            "sad": 0.8321678321678322,
            "surprise": 1.0
        },
        "False Omission Rate (FOR)": {
            "angry": 0.08783783783783783,
            "contempt": 0.10179640718562877,
            "disgust": 0.09580838323353291,
            "fear": 0.11801242236024845,
            "happy": 0.10810810810810811,
            "neutral": 0.09146341463414631,
            "sad": 0.1678321678321678,
            "surprise": 0.0
        },
        "F1 Score": {
            "angry": 0.358974358974359,
            "contempt": 0.0,
            "disgust": 0.0,
            "fear": 0.07692307692307691,
            "happy": 0.40909090909090906,
            "neutral": 0.10526315789473684,
            "sad": 0.3157894736842105,
            "surprise": 0.3448275862068966
        }
    },
    "confusion_matrix": [
        [
            7,
            0,
            0,
            0,
            0,
            1,
            0,
            12
        ],
        [
            3,
            0,
            0,
            2,
            1,
            1,
            2,
            8
        ],
        [
            3,
            0,
            0,
            1,
            4,
            0,
            1,
            7
        ],
        [
            1,
            0,
            0,
            1,
            1,
            0,
            4,
            13
        ],
        [
            3,
            0,
            0,
            0,
            9,
            0,
            7,
            6
        ],
        [
            1,
            0,
            0,
            0,
            0,
            1,
            1,
            13
        ],
        [
            1,
            0,
            0,
            2,
            4,
            0,
            9,
            17
        ],
        [
            0,
            0,
            0,
            0,
            0,
            0,
            0,
            20
        ]
    ],
    "base_models": null
}