{
    "model_name": "vgg16",
    "macro_metrics": {
        "Valor": {
            "Recall (Sensitivity)": 0.9155124777183601,
            "Miss Rate": 0.08448752228163992,
            "Specificity (Selectivity)": 0.9881949311764627,
            "Fallout": 0.011805068823537254,
            "Precision": 0.9131586067441331,
            "False Discovery Rate (FDR)": 0.08684139325586694,
            "Negative Predictive Value (NPV)": 0.9880549893680146,
            "False Omission Rate (FOR)": 0.011945010631985414,
            "F1 Score": 0.9108197409932721,
            "MCC": 0.9041916167664671,
            "Accuracy": 91.61676646706587,
            "Training Time": 606.3983,
            "Inference Time": 14.19366979598999
        }
    },
    "class_metrics": {
        "Recall (Sensitivity)": {
            "angry": 0.8,
            "contempt": 0.7647058823529411,
            "disgust": 1.0,
            "fear": 0.9,
            "happy": 0.92,
            "neutral": 1.0,
            "sad": 0.9393939393939394,
            "surprise": 1.0
        },
        "Miss Rate": {
            "angry": 0.19999999999999996,
            "contempt": 0.23529411764705888,
            "disgust": 0.0,
            "fear": 0.09999999999999998,
            "happy": 0.07999999999999996,
            "neutral": 0.0,
            "sad": 0.06060606060606055,
            "surprise": 0.0
        },
        "Specificity (Selectivity)": {
            "angry": 0.9727891156462585,
            "contempt": 0.9933333333333333,
            "disgust": 1.0,
            "fear": 0.9931972789115646,
            "happy": 0.9929577464788732,
            "neutral": 0.9668874172185431,
            "sad": 1.0,
            "surprise": 0.9863945578231292
        },
        "Fallout": {
            "angry": 0.027210884353741527,
            "contempt": 0.00666666666666671,
            "disgust": 0.0,
            "fear": 0.006802721088435382,
            "happy": 0.007042253521126751,
            "neutral": 0.0331125827814569,
            "sad": 0.0,
            "surprise": 0.013605442176870763
        },
        "Precision": {
            "angry": 0.8,
            "contempt": 0.9285714285714286,
            "disgust": 1.0,
            "fear": 0.9473684210526315,
            "happy": 0.9583333333333334,
            "neutral": 0.7619047619047619,
            "sad": 1.0,
            "surprise": 0.9090909090909091
        },
        "False Discovery Rate (FDR)": {
            "angry": 0.19999999999999996,
            "contempt": 0.0714285714285714,
            "disgust": 0.0,
            "fear": 0.052631578947368474,
            "happy": 0.04166666666666663,
            "neutral": 0.23809523809523814,
            "sad": 0.0,
            "surprise": 0.09090909090909094
        },
        "Negative Predictive Value (NPV)": {
            "angry": 0.9727891156462585,
            "contempt": 0.9738562091503268,
            "disgust": 1.0,
            "fear": 0.9864864864864865,
            "happy": 0.986013986013986,
            "neutral": 1.0,
            "sad": 0.9852941176470589,
            "surprise": 1.0
        },
        "False Omission Rate (FOR)": {
            "angry": 0.027210884353741527,
            "contempt": 0.02614379084967322,
            "disgust": 0.0,
            "fear": 0.013513513513513487,
            "happy": 0.013986013986013957,
            "neutral": 0.0,
            "sad": 0.014705882352941124,
            "surprise": 0.0
        },
        "F1 Score": {
            "angry": 0.8000000000000002,
            "contempt": 0.8387096774193549,
            "disgust": 1.0,
            "fear": 0.9230769230769231,
            "happy": 0.9387755102040817,
            "neutral": 0.8648648648648648,
            "sad": 0.96875,
            "surprise": 0.9523809523809523
        }
    },
    "confusion_matrix": [
        [
            16,
            1,
            0,
            0,
            0,
            2,
            0,
            1
        ],
        [
            4,
            13,
            0,
            0,
            0,
            0,
            0,
            0
        ],
        [
            0,
            0,
            16,
            0,
            0,
            0,
            0,
            0
        ],
        [
            0,
            0,
            0,
            18,
            0,
            2,
            0,
            0
        ],
        [
            0,
            0,
            0,
            0,
            23,
            1,
            0,
            1
        ],
        [
            0,
            0,
            0,
            0,
            0,
            16,
            0,
            0
        ],
        [
            0,
            0,
            0,
            1,
            1,
            0,
            31,
            0
        ],
        [
            0,
            0,
            0,
            0,
            0,
            0,
            0,
            20
        ]
    ],
    "base_models": null
}