{
    "model_name": "blending_h",
    "macro_metrics": {
        "Valor": {
            "Recall (Sensitivity)": 0.8983812388591801,
            "Miss Rate": 0.10161876114081998,
            "Specificity (Selectivity)": 0.9862694634366491,
            "Fallout": 0.013730536563350895,
            "Precision": 0.9100941467563666,
            "False Discovery Rate (FDR)": 0.08990585324363337,
            "Negative Predictive Value (NPV)": 0.9865742062331179,
            "False Omission Rate (FOR)": 0.013425793766882119,
            "F1 Score": 0.8983969340645778,
            "MCC": 0.8905047048759623
        }
    },
    "class_metrics": {
        "Recall (Sensitivity)": {
            "angry": 0.7,
            "contempt": 0.8823529411764706,
            "disgust": 0.875,
            "fear": 0.85,
            "happy": 0.96,
            "neutral": 1.0,
            "sad": 0.9696969696969697,
            "surprise": 0.95
        },
        "Miss Rate": {
            "angry": 0.30000000000000004,
            "contempt": 0.11764705882352944,
            "disgust": 0.125,
            "fear": 0.15000000000000002,
            "happy": 0.040000000000000036,
            "neutral": 0.0,
            "sad": 0.030303030303030276,
            "surprise": 0.050000000000000044
        },
        "Specificity (Selectivity)": {
            "angry": 1.0,
            "contempt": 0.9933333333333333,
            "disgust": 0.9933774834437086,
            "fear": 0.9931972789115646,
            "happy": 0.9647887323943662,
            "neutral": 0.9801324503311258,
            "sad": 0.9925373134328358,
            "surprise": 0.9727891156462585
        },
        "Fallout": {
            "angry": 0.0,
            "contempt": 0.00666666666666671,
            "disgust": 0.0066225165562914245,
            "fear": 0.006802721088435382,
            "happy": 0.035211267605633756,
            "neutral": 0.019867549668874163,
            "sad": 0.007462686567164201,
            "surprise": 0.027210884353741527
        },
        "Precision": {
            "angry": 1.0,
            "contempt": 0.9375,
            "disgust": 0.9333333333333333,
            "fear": 0.9444444444444444,
            "happy": 0.8275862068965517,
            "neutral": 0.8421052631578947,
            "sad": 0.9696969696969697,
            "surprise": 0.8260869565217391
        },
        "False Discovery Rate (FDR)": {
            "angry": 0.0,
            "contempt": 0.0625,
            "disgust": 0.06666666666666665,
            "fear": 0.05555555555555558,
            "happy": 0.1724137931034483,
            "neutral": 0.1578947368421053,
            "sad": 0.030303030303030276,
            "surprise": 0.17391304347826086
        },
        "Negative Predictive Value (NPV)": {
            "angry": 0.9607843137254902,
            "contempt": 0.9867549668874173,
            "disgust": 0.9868421052631579,
            "fear": 0.9798657718120806,
            "happy": 0.9927536231884058,
            "neutral": 1.0,
            "sad": 0.9925373134328358,
            "surprise": 0.9930555555555556
        },
        "False Omission Rate (FOR)": {
            "angry": 0.039215686274509776,
            "contempt": 0.013245033112582738,
            "disgust": 0.013157894736842146,
            "fear": 0.020134228187919434,
            "happy": 0.007246376811594235,
            "neutral": 0.0,
            "sad": 0.007462686567164201,
            "surprise": 0.00694444444444442
        },
        "F1 Score": {
            "angry": 0.8235294117647058,
            "contempt": 0.9090909090909091,
            "disgust": 0.9032258064516129,
            "fear": 0.8947368421052632,
            "happy": 0.888888888888889,
            "neutral": 0.9142857142857143,
            "sad": 0.9696969696969697,
            "surprise": 0.8837209302325583
        }
    },
    "confusion_matrix": [
        [
            14,
            0,
            1,
            1,
            1,
            1,
            0,
            2
        ],
        [
            0,
            15,
            0,
            0,
            2,
            0,
            0,
            0
        ],
        [
            0,
            0,
            14,
            0,
            2,
            0,
            0,
            0
        ],
        [
            0,
            0,
            0,
            17,
            0,
            1,
            0,
            2
        ],
        [
            0,
            0,
            0,
            0,
            24,
            0,
            1,
            0
        ],
        [
            0,
            0,
            0,
            0,
            0,
            16,
            0,
            0
        ],
        [
            0,
            1,
            0,
            0,
            0,
            0,
            32,
            0
        ],
        [
            0,
            0,
            0,
            0,
            0,
            1,
            0,
            19
        ]
    ],
    "base_models": [
        "MLP_h",
        "MLP_h"
    ]
}