{
    "model_name": "custom_cnn",
    "macro_metrics": {
        "Valor": {
            "Recall (Sensitivity)": 0.771152517825312,
            "Miss Rate": 0.22884748217468803,
            "Specificity (Selectivity)": 0.9690155548483623,
            "Fallout": 0.030984445151637716,
            "Precision": 0.7911989895639275,
            "False Discovery Rate (FDR)": 0.20880101043607235,
            "Negative Predictive Value (NPV)": 0.9694142023259209,
            "False Omission Rate (FOR)": 0.030585797674079027,
            "F1 Score": 0.7725150661232636,
            "MCC": 0.7536355859709153,
            "Accuracy": 78.44311377245509,
            "Training Time": 26.5475,
            "Inference Time": 0.22061371803283691
        }
    },
    "class_metrics": {
        "Recall (Sensitivity)": {
            "angry": 0.65,
            "contempt": 0.5882352941176471,
            "disgust": 0.75,
            "fear": 0.7,
            "happy": 0.92,
            "neutral": 0.8125,
            "sad": 0.8484848484848485,
            "surprise": 0.9
        },
        "Miss Rate": {
            "angry": 0.35,
            "contempt": 0.4117647058823529,
            "disgust": 0.25,
            "fear": 0.30000000000000004,
            "happy": 0.07999999999999996,
            "neutral": 0.1875,
            "sad": 0.1515151515151515,
            "surprise": 0.09999999999999998
        },
        "Specificity (Selectivity)": {
            "angry": 0.9659863945578231,
            "contempt": 0.9933333333333333,
            "disgust": 0.9602649006622517,
            "fear": 0.9863945578231292,
            "happy": 0.9507042253521126,
            "neutral": 0.9470198675496688,
            "sad": 0.9552238805970149,
            "surprise": 0.9931972789115646
        },
        "Fallout": {
            "angry": 0.03401360544217691,
            "contempt": 0.00666666666666671,
            "disgust": 0.039735099337748325,
            "fear": 0.013605442176870763,
            "happy": 0.04929577464788737,
            "neutral": 0.052980132450331174,
            "sad": 0.04477611940298509,
            "surprise": 0.006802721088435382
        },
        "Precision": {
            "angry": 0.7222222222222222,
            "contempt": 0.9090909090909091,
            "disgust": 0.6666666666666666,
            "fear": 0.875,
            "happy": 0.7666666666666667,
            "neutral": 0.6190476190476191,
            "sad": 0.8235294117647058,
            "surprise": 0.9473684210526315
        },
        "False Discovery Rate (FDR)": {
            "angry": 0.2777777777777778,
            "contempt": 0.09090909090909094,
            "disgust": 0.33333333333333337,
            "fear": 0.125,
            "happy": 0.23333333333333328,
            "neutral": 0.38095238095238093,
            "sad": 0.17647058823529416,
            "surprise": 0.052631578947368474
        },
        "Negative Predictive Value (NPV)": {
            "angry": 0.9530201342281879,
            "contempt": 0.9551282051282052,
            "disgust": 0.9731543624161074,
            "fear": 0.9602649006622517,
            "happy": 0.9854014598540146,
            "neutral": 0.9794520547945206,
            "sad": 0.9624060150375939,
            "surprise": 0.9864864864864865
        },
        "False Omission Rate (FOR)": {
            "angry": 0.046979865771812124,
            "contempt": 0.04487179487179482,
            "disgust": 0.02684563758389258,
            "fear": 0.039735099337748325,
            "happy": 0.014598540145985384,
            "neutral": 0.020547945205479423,
            "sad": 0.03759398496240607,
            "surprise": 0.013513513513513487
        },
        "F1 Score": {
            "angry": 0.6842105263157895,
            "contempt": 0.7142857142857143,
            "disgust": 0.7058823529411765,
            "fear": 0.7777777777777777,
            "happy": 0.8363636363636363,
            "neutral": 0.7027027027027026,
            "sad": 0.8358208955223881,
            "surprise": 0.9230769230769231
        }
    },
    "confusion_matrix": [
        [
            13,
            1,
            1,
            1,
            0,
            4,
            0,
            0
        ],
        [
            4,
            10,
            2,
            0,
            0,
            0,
            1,
            0
        ],
        [
            0,
            0,
            12,
            0,
            3,
            0,
            1,
            0
        ],
        [
            1,
            0,
            0,
            14,
            0,
            3,
            2,
            0
        ],
        [
            0,
            0,
            1,
            0,
            23,
            0,
            1,
            0
        ],
        [
            0,
            0,
            0,
            1,
            1,
            13,
            1,
            0
        ],
        [
            0,
            0,
            2,
            0,
            2,
            0,
            28,
            1
        ],
        [
            0,
            0,
            0,
            0,
            1,
            1,
            0,
            18
        ]
    ],
    "base_models": null
}