{
    "model_name": "MLP_h",
    "macro_metrics": {
        "Valor": {
            "Recall (Sensitivity)": 0.91088123885918,
            "Miss Rate": 0.08911876114081997,
            "Specificity (Selectivity)": 0.9879250925757219,
            "Fallout": 0.012074907424278053,
            "Precision": 0.9237493418626319,
            "False Discovery Rate (FDR)": 0.07625065813736813,
            "Negative Predictive Value (NPV)": 0.9882698511229742,
            "False Omission Rate (FOR)": 0.011730148877025823,
            "F1 Score": 0.912037098469736,
            "MCC": 0.9041916167664671,
            "Accuracy": 91.61676646706587,
            "Inference Time": 0.7991011142730713
        }
    },
    "class_metrics": {
        "Recall (Sensitivity)": {
            "angry": 0.7,
            "contempt": 0.8823529411764706,
            "disgust": 0.875,
            "fear": 0.9,
            "happy": 0.96,
            "neutral": 1.0,
            "sad": 0.9696969696969697,
            "surprise": 1.0
        },
        "Miss Rate": {
            "angry": 0.30000000000000004,
            "contempt": 0.11764705882352944,
            "disgust": 0.125,
            "fear": 0.09999999999999998,
            "happy": 0.040000000000000036,
            "neutral": 0.0,
            "sad": 0.030303030303030276,
            "surprise": 0.0
        },
        "Specificity (Selectivity)": {
            "angry": 1.0,
            "contempt": 0.9933333333333333,
            "disgust": 0.9933774834437086,
            "fear": 0.9931972789115646,
            "happy": 0.9647887323943662,
            "neutral": 0.9933774834437086,
            "sad": 0.9925373134328358,
            "surprise": 0.9727891156462585
        },
        "Fallout": {
            "angry": 0.0,
            "contempt": 0.00666666666666671,
            "disgust": 0.0066225165562914245,
            "fear": 0.006802721088435382,
            "happy": 0.035211267605633756,
            "neutral": 0.0066225165562914245,
            "sad": 0.007462686567164201,
            "surprise": 0.027210884353741527
        },
        "Precision": {
            "angry": 1.0,
            "contempt": 0.9375,
            "disgust": 0.9333333333333333,
            "fear": 0.9473684210526315,
            "happy": 0.8275862068965517,
            "neutral": 0.9411764705882353,
            "sad": 0.9696969696969697,
            "surprise": 0.8333333333333334
        },
        "False Discovery Rate (FDR)": {
            "angry": 0.0,
            "contempt": 0.0625,
            "disgust": 0.06666666666666665,
            "fear": 0.052631578947368474,
            "happy": 0.1724137931034483,
            "neutral": 0.05882352941176472,
            "sad": 0.030303030303030276,
            "surprise": 0.16666666666666663
        },
        "Negative Predictive Value (NPV)": {
            "angry": 0.9607843137254902,
            "contempt": 0.9867549668874173,
            "disgust": 0.9868421052631579,
            "fear": 0.9864864864864865,
            "happy": 0.9927536231884058,
            "neutral": 1.0,
            "sad": 0.9925373134328358,
            "surprise": 1.0
        },
        "False Omission Rate (FOR)": {
            "angry": 0.039215686274509776,
            "contempt": 0.013245033112582738,
            "disgust": 0.013157894736842146,
            "fear": 0.013513513513513487,
            "happy": 0.007246376811594235,
            "neutral": 0.0,
            "sad": 0.007462686567164201,
            "surprise": 0.0
        },
        "F1 Score": {
            "angry": 0.8235294117647058,
            "contempt": 0.9090909090909091,
            "disgust": 0.9032258064516129,
            "fear": 0.9230769230769231,
            "happy": 0.888888888888889,
            "neutral": 0.9696969696969697,
            "sad": 0.9696969696969697,
            "surprise": 0.9090909090909091
        }
    },
    "confusion_matrix": [
        [
            14,
            0,
            1,
            1,
            1,
            1,
            0,
            2
        ],
        [
            0,
            15,
            0,
            0,
            2,
            0,
            0,
            0
        ],
        [
            0,
            0,
            14,
            0,
            2,
            0,
            0,
            0
        ],
        [
            0,
            0,
            0,
            18,
            0,
            0,
            0,
            2
        ],
        [
            0,
            0,
            0,
            0,
            24,
            0,
            1,
            0
        ],
        [
            0,
            0,
            0,
            0,
            0,
            16,
            0,
            0
        ],
        [
            0,
            1,
            0,
            0,
            0,
            0,
            32,
            0
        ],
        [
            0,
            0,
            0,
            0,
            0,
            0,
            0,
            20
        ]
    ],
    "base_models": null
}