{
    "model_name": "CNN_h",
    "macro_metrics": {
        "Valor": {
            "Recall (Sensitivity)": 0.8243337789661318,
            "Miss Rate": 0.17566622103386811,
            "Specificity (Selectivity)": 0.9759175008205472,
            "Fallout": 0.02408249917945285,
            "Precision": 0.8344712885154061,
            "False Discovery Rate (FDR)": 0.16552871148459386,
            "Negative Predictive Value (NPV)": 0.976197036681631,
            "False Omission Rate (FOR)": 0.023802963318368897,
            "F1 Score": 0.8237724793036327,
            "MCC": 0.8083832335329342,
            "Accuracy": 83.23353293413173,
            "Inference Time": 0.52358078956604
        }
    },
    "class_metrics": {
        "Recall (Sensitivity)": {
            "angry": 0.7,
            "contempt": 0.7058823529411765,
            "disgust": 0.8125,
            "fear": 0.75,
            "happy": 0.96,
            "neutral": 0.9375,
            "sad": 0.8787878787878788,
            "surprise": 0.85
        },
        "Miss Rate": {
            "angry": 0.30000000000000004,
            "contempt": 0.2941176470588235,
            "disgust": 0.1875,
            "fear": 0.25,
            "happy": 0.040000000000000036,
            "neutral": 0.0625,
            "sad": 0.12121212121212122,
            "surprise": 0.15000000000000002
        },
        "Specificity (Selectivity)": {
            "angry": 0.9931972789115646,
            "contempt": 0.9866666666666667,
            "disgust": 0.9536423841059603,
            "fear": 0.9863945578231292,
            "happy": 0.971830985915493,
            "neutral": 0.9801324503311258,
            "sad": 0.9626865671641791,
            "surprise": 0.9727891156462585
        },
        "Fallout": {
            "angry": 0.006802721088435382,
            "contempt": 0.013333333333333308,
            "disgust": 0.04635761589403975,
            "fear": 0.013605442176870763,
            "happy": 0.028169014084507005,
            "neutral": 0.019867549668874163,
            "sad": 0.03731343283582089,
            "surprise": 0.027210884353741527
        },
        "Precision": {
            "angry": 0.9333333333333333,
            "contempt": 0.8571428571428571,
            "disgust": 0.65,
            "fear": 0.8823529411764706,
            "happy": 0.8571428571428571,
            "neutral": 0.8333333333333334,
            "sad": 0.8529411764705882,
            "surprise": 0.8095238095238095
        },
        "False Discovery Rate (FDR)": {
            "angry": 0.06666666666666665,
            "contempt": 0.1428571428571429,
            "disgust": 0.35,
            "fear": 0.11764705882352944,
            "happy": 0.1428571428571429,
            "neutral": 0.16666666666666663,
            "sad": 0.1470588235294118,
            "surprise": 0.19047619047619047
        },
        "Negative Predictive Value (NPV)": {
            "angry": 0.9605263157894737,
            "contempt": 0.9673202614379085,
            "disgust": 0.9795918367346939,
            "fear": 0.9666666666666667,
            "happy": 0.9928057553956835,
            "neutral": 0.9932885906040269,
            "sad": 0.9699248120300752,
            "surprise": 0.9794520547945206
        },
        "False Omission Rate (FOR)": {
            "angry": 0.03947368421052633,
            "contempt": 0.0326797385620915,
            "disgust": 0.020408163265306145,
            "fear": 0.033333333333333326,
            "happy": 0.007194244604316502,
            "neutral": 0.006711409395973145,
            "sad": 0.03007518796992481,
            "surprise": 0.020547945205479423
        },
        "F1 Score": {
            "angry": 0.8,
            "contempt": 0.7741935483870968,
            "disgust": 0.7222222222222223,
            "fear": 0.8108108108108107,
            "happy": 0.9056603773584904,
            "neutral": 0.8823529411764706,
            "sad": 0.8656716417910447,
            "surprise": 0.8292682926829269
        }
    },
    "confusion_matrix": [
        [
            14,
            1,
            2,
            1,
            0,
            1,
            0,
            1
        ],
        [
            1,
            12,
            3,
            0,
            0,
            0,
            1,
            0
        ],
        [
            0,
            0,
            13,
            0,
            2,
            0,
            1,
            0
        ],
        [
            0,
            0,
            0,
            15,
            1,
            0,
            3,
            1
        ],
        [
            0,
            0,
            0,
            0,
            24,
            0,
            0,
            1
        ],
        [
            0,
            0,
            0,
            0,
            0,
            15,
            0,
            1
        ],
        [
            0,
            0,
            2,
            0,
            1,
            1,
            29,
            0
        ],
        [
            0,
            1,
            0,
            1,
            0,
            1,
            0,
            17
        ]
    ],
    "base_models": null
}