{
    "model_name": "blending",
    "macro_metrics": {
        "Valor": {
            "Recall (Sensitivity)": 0.8997404188948307,
            "Miss Rate": 0.10025958110516935,
            "Specificity (Selectivity)": 0.9861118880545354,
            "Fallout": 0.01388811194546466,
            "Precision": 0.9087408785978159,
            "False Discovery Rate (FDR)": 0.09125912140218408,
            "Negative Predictive Value (NPV)": 0.9864424344029373,
            "False Omission Rate (FOR)": 0.013557565597062643,
            "F1 Score": 0.9011291518702438,
            "MCC": 0.8905047048759623
        }
    },
    "class_metrics": {
        "Recall (Sensitivity)": {
            "angry": 0.75,
            "contempt": 0.8235294117647058,
            "disgust": 0.875,
            "fear": 0.85,
            "happy": 0.96,
            "neutral": 1.0,
            "sad": 0.9393939393939394,
            "surprise": 1.0
        },
        "Miss Rate": {
            "angry": 0.25,
            "contempt": 0.17647058823529416,
            "disgust": 0.125,
            "fear": 0.15000000000000002,
            "happy": 0.040000000000000036,
            "neutral": 0.0,
            "sad": 0.06060606060606055,
            "surprise": 0.0
        },
        "Specificity (Selectivity)": {
            "angry": 0.9931972789115646,
            "contempt": 0.9933333333333333,
            "disgust": 0.9867549668874173,
            "fear": 0.9931972789115646,
            "happy": 0.971830985915493,
            "neutral": 0.9933774834437086,
            "sad": 0.9776119402985075,
            "surprise": 0.9795918367346939
        },
        "Fallout": {
            "angry": 0.006802721088435382,
            "contempt": 0.00666666666666671,
            "disgust": 0.013245033112582738,
            "fear": 0.006802721088435382,
            "happy": 0.028169014084507005,
            "neutral": 0.0066225165562914245,
            "sad": 0.02238805970149249,
            "surprise": 0.020408163265306145
        },
        "Precision": {
            "angry": 0.9375,
            "contempt": 0.9333333333333333,
            "disgust": 0.875,
            "fear": 0.9444444444444444,
            "happy": 0.8571428571428571,
            "neutral": 0.9411764705882353,
            "sad": 0.9117647058823529,
            "surprise": 0.8695652173913043
        },
        "False Discovery Rate (FDR)": {
            "angry": 0.0625,
            "contempt": 0.06666666666666665,
            "disgust": 0.125,
            "fear": 0.05555555555555558,
            "happy": 0.1428571428571429,
            "neutral": 0.05882352941176472,
            "sad": 0.08823529411764708,
            "surprise": 0.13043478260869568
        },
        "Negative Predictive Value (NPV)": {
            "angry": 0.9668874172185431,
            "contempt": 0.9802631578947368,
            "disgust": 0.9867549668874173,
            "fear": 0.9798657718120806,
            "happy": 0.9928057553956835,
            "neutral": 1.0,
            "sad": 0.9849624060150376,
            "surprise": 1.0
        },
        "False Omission Rate (FOR)": {
            "angry": 0.0331125827814569,
            "contempt": 0.019736842105263164,
            "disgust": 0.013245033112582738,
            "fear": 0.020134228187919434,
            "happy": 0.007194244604316502,
            "neutral": 0.0,
            "sad": 0.015037593984962405,
            "surprise": 0.0
        },
        "F1 Score": {
            "angry": 0.8333333333333334,
            "contempt": 0.8749999999999999,
            "disgust": 0.875,
            "fear": 0.8947368421052632,
            "happy": 0.9056603773584904,
            "neutral": 0.9696969696969697,
            "sad": 0.9253731343283583,
            "surprise": 0.9302325581395349
        }
    },
    "confusion_matrix": [
        [
            15,
            0,
            1,
            1,
            0,
            1,
            0,
            2
        ],
        [
            1,
            14,
            0,
            0,
            2,
            0,
            0,
            0
        ],
        [
            0,
            0,
            14,
            0,
            2,
            0,
            0,
            0
        ],
        [
            0,
            0,
            0,
            17,
            0,
            0,
            2,
            1
        ],
        [
            0,
            0,
            0,
            0,
            24,
            0,
            1,
            0
        ],
        [
            0,
            0,
            0,
            0,
            0,
            16,
            0,
            0
        ],
        [
            0,
            1,
            1,
            0,
            0,
            0,
            31,
            0
        ],
        [
            0,
            0,
            0,
            0,
            0,
            0,
            0,
            20
        ]
    ],
    "base_models": [
        "MLP_h",
        "CNN_h"
    ]
}