{
    "model_name": "stacking_h",
    "macro_metrics": {
        "Valor": {
            "Recall (Sensitivity)": 0.91088123885918,
            "Miss Rate": 0.08911876114081997,
            "Specificity (Selectivity)": 0.9879175895780032,
            "Fallout": 0.012082410421996731,
            "Precision": 0.9200580341785838,
            "False Discovery Rate (FDR)": 0.0799419658214163,
            "Negative Predictive Value (NPV)": 0.9881763026340249,
            "False Omission Rate (FOR)": 0.011823697365975105,
            "F1 Score": 0.912242710883822,
            "MCC": 0.9041916167664671
        }
    },
    "class_metrics": {
        "Recall (Sensitivity)": {
            "angry": 0.8,
            "contempt": 0.8823529411764706,
            "disgust": 0.875,
            "fear": 0.85,
            "happy": 0.96,
            "neutral": 1.0,
            "sad": 0.9696969696969697,
            "surprise": 0.95
        },
        "Miss Rate": {
            "angry": 0.19999999999999996,
            "contempt": 0.11764705882352944,
            "disgust": 0.125,
            "fear": 0.15000000000000002,
            "happy": 0.040000000000000036,
            "neutral": 0.0,
            "sad": 0.030303030303030276,
            "surprise": 0.050000000000000044
        },
        "Specificity (Selectivity)": {
            "angry": 1.0,
            "contempt": 0.9933333333333333,
            "disgust": 0.9933774834437086,
            "fear": 0.9931972789115646,
            "happy": 0.971830985915493,
            "neutral": 0.9801324503311258,
            "sad": 0.9850746268656716,
            "surprise": 0.9863945578231292
        },
        "Fallout": {
            "angry": 0.0,
            "contempt": 0.00666666666666671,
            "disgust": 0.0066225165562914245,
            "fear": 0.006802721088435382,
            "happy": 0.028169014084507005,
            "neutral": 0.019867549668874163,
            "sad": 0.014925373134328401,
            "surprise": 0.013605442176870763
        },
        "Precision": {
            "angry": 1.0,
            "contempt": 0.9375,
            "disgust": 0.9333333333333333,
            "fear": 0.9444444444444444,
            "happy": 0.8571428571428571,
            "neutral": 0.8421052631578947,
            "sad": 0.9411764705882353,
            "surprise": 0.9047619047619048
        },
        "False Discovery Rate (FDR)": {
            "angry": 0.0,
            "contempt": 0.0625,
            "disgust": 0.06666666666666665,
            "fear": 0.05555555555555558,
            "happy": 0.1428571428571429,
            "neutral": 0.1578947368421053,
            "sad": 0.05882352941176472,
            "surprise": 0.09523809523809523
        },
        "Negative Predictive Value (NPV)": {
            "angry": 0.9735099337748344,
            "contempt": 0.9867549668874173,
            "disgust": 0.9868421052631579,
            "fear": 0.9798657718120806,
            "happy": 0.9928057553956835,
            "neutral": 1.0,
            "sad": 0.9924812030075187,
            "surprise": 0.9931506849315068
        },
        "False Omission Rate (FOR)": {
            "angry": 0.026490066225165587,
            "contempt": 0.013245033112582738,
            "disgust": 0.013157894736842146,
            "fear": 0.020134228187919434,
            "happy": 0.007194244604316502,
            "neutral": 0.0,
            "sad": 0.007518796992481258,
            "surprise": 0.006849315068493178
        },
        "F1 Score": {
            "angry": 0.888888888888889,
            "contempt": 0.9090909090909091,
            "disgust": 0.9032258064516129,
            "fear": 0.8947368421052632,
            "happy": 0.9056603773584904,
            "neutral": 0.9142857142857143,
            "sad": 0.955223880597015,
            "surprise": 0.9268292682926829
        }
    },
    "confusion_matrix": [
        [
            16,
            0,
            1,
            1,
            0,
            1,
            0,
            1
        ],
        [
            0,
            15,
            0,
            0,
            2,
            0,
            0,
            0
        ],
        [
            0,
            0,
            14,
            0,
            2,
            0,
            0,
            0
        ],
        [
            0,
            0,
            0,
            17,
            0,
            1,
            1,
            1
        ],
        [
            0,
            0,
            0,
            0,
            24,
            0,
            1,
            0
        ],
        [
            0,
            0,
            0,
            0,
            0,
            16,
            0,
            0
        ],
        [
            0,
            1,
            0,
            0,
            0,
            0,
            32,
            0
        ],
        [
            0,
            0,
            0,
            0,
            0,
            1,
            0,
            19
        ]
    ],
    "base_models": [
        "MLP_h",
        "MLP_h"
    ]
}