{
    "model_name": "efficientnet",
    "macro_metrics": {
        "Valor": {
            "Recall (Sensitivity)": 0.429336564171123,
            "Miss Rate": 0.5706634358288769,
            "Specificity (Selectivity)": 0.9187838983377098,
            "Fallout": 0.0812161016622902,
            "Precision": 0.4681763222530391,
            "False Discovery Rate (FDR)": 0.5318236777469609,
            "Negative Predictive Value (NPV)": 0.9204132317768569,
            "False Omission Rate (FOR)": 0.07958676822314316,
            "F1 Score": 0.41684240565199704,
            "MCC": 0.3635585970915312,
            "Accuracy": 44.31137724550898,
            "Training Time": 571.5441,
            "Inference Time": 12.751435995101929
        }
    },
    "class_metrics": {
        "Recall (Sensitivity)": {
            "angry": 0.15,
            "contempt": 0.11764705882352941,
            "disgust": 0.5,
            "fear": 0.45,
            "happy": 0.6,
            "neutral": 0.3125,
            "sad": 0.45454545454545453,
            "surprise": 0.85
        },
        "Miss Rate": {
            "angry": 0.85,
            "contempt": 0.8823529411764706,
            "disgust": 0.5,
            "fear": 0.55,
            "happy": 0.4,
            "neutral": 0.6875,
            "sad": 0.5454545454545454,
            "surprise": 0.15000000000000002
        },
        "Specificity (Selectivity)": {
            "angry": 0.9727891156462585,
            "contempt": 0.9733333333333334,
            "disgust": 0.9205298013245033,
            "fear": 0.9795918367346939,
            "happy": 0.7605633802816901,
            "neutral": 0.9668874172185431,
            "sad": 0.8582089552238806,
            "surprise": 0.9183673469387755
        },
        "Fallout": {
            "angry": 0.027210884353741527,
            "contempt": 0.026666666666666616,
            "disgust": 0.07947019867549665,
            "fear": 0.020408163265306145,
            "happy": 0.23943661971830987,
            "neutral": 0.0331125827814569,
            "sad": 0.14179104477611937,
            "surprise": 0.08163265306122447
        },
        "Precision": {
            "angry": 0.42857142857142855,
            "contempt": 0.3333333333333333,
            "disgust": 0.4,
            "fear": 0.75,
            "happy": 0.30612244897959184,
            "neutral": 0.5,
            "sad": 0.4411764705882353,
            "surprise": 0.5862068965517241
        },
        "False Discovery Rate (FDR)": {
            "angry": 0.5714285714285714,
            "contempt": 0.6666666666666667,
            "disgust": 0.6,
            "fear": 0.25,
            "happy": 0.6938775510204082,
            "neutral": 0.5,
            "sad": 0.5588235294117647,
            "surprise": 0.4137931034482759
        },
        "Negative Predictive Value (NPV)": {
            "angry": 0.89375,
            "contempt": 0.906832298136646,
            "disgust": 0.9455782312925171,
            "fear": 0.9290322580645162,
            "happy": 0.9152542372881356,
            "neutral": 0.9299363057324841,
            "sad": 0.8646616541353384,
            "surprise": 0.9782608695652174
        },
        "False Omission Rate (FOR)": {
            "angry": 0.10624999999999996,
            "contempt": 0.09316770186335399,
            "disgust": 0.05442176870748294,
            "fear": 0.07096774193548383,
            "happy": 0.0847457627118644,
            "neutral": 0.07006369426751591,
            "sad": 0.13533834586466165,
            "surprise": 0.021739130434782594
        },
        "F1 Score": {
            "angry": 0.2222222222222222,
            "contempt": 0.1739130434782609,
            "disgust": 0.4444444444444445,
            "fear": 0.5625000000000001,
            "happy": 0.40540540540540543,
            "neutral": 0.38461538461538464,
            "sad": 0.4477611940298507,
            "surprise": 0.6938775510204082
        }
    },
    "confusion_matrix": [
        [
            3,
            3,
            4,
            0,
            5,
            1,
            3,
            1
        ],
        [
            4,
            2,
            4,
            0,
            1,
            2,
            3,
            1
        ],
        [
            0,
            1,
            8,
            0,
            4,
            0,
            3,
            0
        ],
        [
            0,
            0,
            0,
            9,
            6,
            0,
            1,
            4
        ],
        [
            0,
            0,
            1,
            0,
            15,
            1,
            7,
            1
        ],
        [
            0,
            0,
            0,
            3,
            3,
            5,
            2,
            3
        ],
        [
            0,
            0,
            3,
            0,
            12,
            1,
            15,
            2
        ],
        [
            0,
            0,
            0,
            0,
            3,
            0,
            0,
            17
        ]
    ],
    "base_models": null
}