{
    "model_name": "mlp",
    "macro_metrics": {
        "Valor": {
            "Recall (Sensitivity)": 0.8581411541889483,
            "Miss Rate": 0.1418588458110517,
            "Specificity (Selectivity)": 0.9812179925171556,
            "Fallout": 0.018782007482844518,
            "Precision": 0.8748816287878788,
            "False Discovery Rate (FDR)": 0.12511837121212122,
            "Negative Predictive Value (NPV)": 0.9816600216789012,
            "False Omission Rate (FOR)": 0.01833997832109875,
            "F1 Score": 0.8546030494559906,
            "MCC": 0.8494439692044482,
            "Accuracy": 86.82634730538922,
            "Training Time": 10.839,
            "Inference Time": 0.18500018119812012
        }
    },
    "class_metrics": {
        "Recall (Sensitivity)": {
            "angry": 0.7,
            "contempt": 0.5882352941176471,
            "disgust": 0.9375,
            "fear": 0.75,
            "happy": 1.0,
            "neutral": 1.0,
            "sad": 0.9393939393939394,
            "surprise": 0.95
        },
        "Miss Rate": {
            "angry": 0.30000000000000004,
            "contempt": 0.4117647058823529,
            "disgust": 0.0625,
            "fear": 0.25,
            "happy": 0.0,
            "neutral": 0.0,
            "sad": 0.06060606060606055,
            "surprise": 0.050000000000000044
        },
        "Specificity (Selectivity)": {
            "angry": 0.9591836734693877,
            "contempt": 1.0,
            "disgust": 0.9801324503311258,
            "fear": 1.0,
            "happy": 0.9647887323943662,
            "neutral": 0.9735099337748344,
            "sad": 0.9925373134328358,
            "surprise": 0.9795918367346939
        },
        "Fallout": {
            "angry": 0.04081632653061229,
            "contempt": 0.0,
            "disgust": 0.019867549668874163,
            "fear": 0.0,
            "happy": 0.035211267605633756,
            "neutral": 0.026490066225165587,
            "sad": 0.007462686567164201,
            "surprise": 0.020408163265306145
        },
        "Precision": {
            "angry": 0.7,
            "contempt": 1.0,
            "disgust": 0.8333333333333334,
            "fear": 1.0,
            "happy": 0.8333333333333334,
            "neutral": 0.8,
            "sad": 0.96875,
            "surprise": 0.8636363636363636
        },
        "False Discovery Rate (FDR)": {
            "angry": 0.30000000000000004,
            "contempt": 0.0,
            "disgust": 0.16666666666666663,
            "fear": 0.0,
            "happy": 0.16666666666666663,
            "neutral": 0.19999999999999996,
            "sad": 0.03125,
            "surprise": 0.13636363636363635
        },
        "Negative Predictive Value (NPV)": {
            "angry": 0.9591836734693877,
            "contempt": 0.9554140127388535,
            "disgust": 0.9932885906040269,
            "fear": 0.9671052631578947,
            "happy": 1.0,
            "neutral": 1.0,
            "sad": 0.9851851851851852,
            "surprise": 0.993103448275862
        },
        "False Omission Rate (FOR)": {
            "angry": 0.04081632653061229,
            "contempt": 0.04458598726114649,
            "disgust": 0.006711409395973145,
            "fear": 0.03289473684210531,
            "happy": 0.0,
            "neutral": 0.0,
            "sad": 0.014814814814814836,
            "surprise": 0.006896551724137945
        },
        "F1 Score": {
            "angry": 0.7,
            "contempt": 0.7407407407407407,
            "disgust": 0.8823529411764706,
            "fear": 0.8571428571428571,
            "happy": 0.9090909090909091,
            "neutral": 0.888888888888889,
            "sad": 0.9538461538461539,
            "surprise": 0.9047619047619048
        }
    },
    "confusion_matrix": [
        [
            14,
            0,
            2,
            0,
            1,
            1,
            0,
            2
        ],
        [
            5,
            10,
            0,
            0,
            1,
            0,
            1,
            0
        ],
        [
            0,
            0,
            15,
            0,
            1,
            0,
            0,
            0
        ],
        [
            1,
            0,
            0,
            15,
            1,
            2,
            0,
            1
        ],
        [
            0,
            0,
            0,
            0,
            25,
            0,
            0,
            0
        ],
        [
            0,
            0,
            0,
            0,
            0,
            16,
            0,
            0
        ],
        [
            0,
            0,
            1,
            0,
            1,
            0,
            31,
            0
        ],
        [
            0,
            0,
            0,
            0,
            0,
            1,
            0,
            19
        ]
    ],
    "base_models": null
}